id,Subject#,aut_originality,ukwac,subtitle,baroni,glove,tasa,lse,dat,dsimean,text,age,gender,rt,aut_flexibility_1,aut_flexibilit_2,aut_flexibility,aut_originality_1,aut_originality_2,aut_originality,aut_fluency_1,aut_fluency_2,aut_fluency,bag_appropriateness_1,bag_appropriateness_2,bag_appropriateness,understood,strategy,valids,Word1,Word2,Word3,Word4,Word5,Word6,Word7,Word8,Word9,Word10
R_YaGQavcwqIx8Ec9,1,1.4,0.9146375923,0.9457048927,0.9279811233,0.9517726684,1.0035599441,0.953,86.9377187941,0.9487312441,paint kangaroo capitalism aspirin dictionary law flower mercury mountain oxygen,22,Male,240.17,2.6,2.8,2.7,1.2,1.6,1.4,1.6,1.6,3.8,5.91428571428571,4.02857142857143,5.91428571428571,TRUE,FALSE,10,paint,kangaroo,capitalism,aspirin,dictionary,law,flower,mercury,mountain,oxygen
R_1ib2WS6c3oC7Yn2,2,0.7,0.837183083,0.9254002242,0.9117872294,0.83024662,0.9892673716,0.804,75.4166514391,0.8987769057,cup book pen foot egg tree dog computer clock ring,19,Female,73.077,3.2,3.4,3.3,0.6,0.8,0.7,7.6,7.6,7.6,4.66666666666667,2.19444444444444,4.66666666666667,FALSE,FALSE,10,cup,book,pen,foot,egg,tree,dog,computer,clock,ring
R_PLPzMyaGNx4OGg9,3,0.4,0.8158792792,0.9212576934,0.895240204,0.8428210433,0.9978485254,0.783,78.9925823504,0.8946093491,pig girl programmer park music basketball dress sun river love,18,Female,52.693,2.2,2.2,2.2,0.4,0.4,0.4,3.2,3.2,4,5.1,3.325,5.1,TRUE,FALSE,10,pig,girl,programmer,park,music,basketball,dress,sun,river,love
R_bORrxwjxVxUfp1n,4,0,0.863088069,0.9021067426,0.9074254255,0.8801616596,0.9942968978,0.851,71.2486897196,0.9094157589,water pencil ipad cloth light night pink spanish music tutorial,18,Female,131.879,2.6,2.6,2.6,0,0,0,4,4,4,4.87179487179487,2.84615384615385,4.87179487179487,TRUE,FALSE,8,water,pencil,ipad,cloth,light,night,pink,spanish,music,tutorial
R_RwVVJ0GFQ9Wi87v,5,0.1,0.8081794495,0.8772049638,0.8559730811,0.821897961,0.9471120039,0.647,75.6454748767,0.8620734919,shoes pencil racquet stove bags lamp box laptop clock flower,19,Female,111.464,1.6,2.6,2.1,0,0.2,0.1,3.2,3.2,3.2,5.28125,3.4375,5.28125,TRUE,FALSE,10,shoes,pencil,racquet,stove,bags,lamp,box,laptop,clock,flower
R_2e44X5Tu93G4Fno,6,1.1,0.8002230893,0.8282290673,0.7221483998,0.7864898358,0.9167808044,0.846,64.7797416541,0.8107742393,chair chairperson spokesperson president leader head convenor spokeslady emcee speaker,22,Female,240.198,3,4.2,3.6,0.6,1.6,1.1,7,7,7,5.825,3.725,5.825,FALSE,TRUE,9,chair,chairperson,spokesperson,president,leader,head,convenor,spokeslady,emcee,speaker
R_3fZuqdl4dGR9Itq,7,1.4,0.8660697758,0.9353684814,0.914798626,0.8930599236,1.0013451967,0.881,78.7573351392,0.9221284007,Pillow Concrete Pencil Fox Computer Glasses Stomach Tango Bamboo Tattoo,24,Female,54.533,3.6,3.8,3.7,0.6,2.2,1.4,1.6,1.6,6.8,5.23076923076923,2.94871794871795,5.23076923076923,TRUE,TRUE,10,Pillow,Concrete,Pencil,Fox,Computer,Glasses,Stomach,Tango,Bamboo,Tattoo
R_276Yoyb0ovmc6eQ,8,1,0.9393615104,0.9181053324,0.9631666109,0.9777987266,0.9966685894,0.945,91.610653337,0.9590201539,Chair Homogenous Spell Liver Pipeline Tennis Hue Root Treble Pin,19,Female,80.711,2.6,3.6,3.1,0.8,1.2,1,5.5,5.5,5.5,5.675,3.325,5.675,TRUE,FALSE,10,Chair,Homogenous,Spell,Liver,Pipeline,Tennis,Hue,Root,Treble,Pin
R_3m9ydtXQTR3xesk,9,0.7,0.8660959876,0.9117069642,0.8994521897,0.8882112163,0.9878167916,0.92,78.637960429,0.9106566299,water earth computer pepper paper Newton snow whiteboard yogurt box,19,Female,58.265,2.8,2.4,2.6,0.6,0.8,0.7,3.4,3.4,3.6,4.52631578947368,2.07894736842105,4.52631578947368,TRUE,FALSE,10,water,earth,computer,pepper,paper,Newton,snow,whiteboard,yogurt,box
R_9FYnnfnczUtuNB7,10,0.1,0.8722948875,0.9270906492,0.9255171057,0.9203148785,1.0075765084,0.879,74.9003776127,0.9305588059,blue helicopter mushroom diamond circle iron galaxy language hate scallop,18,Male,240.006,2.2,2.6,2.4,0,0.2,0.1,1,1,5.2,5.53846153846154,3.84615384615385,5.53846153846154,TRUE,FALSE,10,blue,helicopter,mushroom,diamond,circle,iron,galaxy,language,hate,scallop
R_1KrLH7y3QylI6wP,11,0.6,0.8636365351,0.8922160226,0.9131401967,0.9547658534,0.9801772727,0.917,85.7683738051,0.9207871761,table saxophone potato corgi mirror blanket stiletto toy bidet road,21,Female,70.021,3,3.4,3.2,0.4,0.8,0.6,7.2,7.2,7.2,5.36842105263158,3.65789473684211,5.36842105263158,TRUE,TRUE,10,table,saxophone,potato,corgi,mirror,blanket,stiletto,toy,bidet,road
R_1Nk0VcyE5sKROaM,12,2.5,0.9017714408,0.9252153412,0.9204594632,0.9323936132,0.9818278779,0.913,86.1735137845,0.9323335472,bowl paper parachute jetski wire chemist censorship death weight flour,18,Female,202.342,4.2,5,4.6,2,3,2.5,1.8,1.8,8.8,5.05,3.35,5.05,TRUE,TRUE,9,bowl,paper,parachute,jetski,wire,chemist,censorship,death,weight,flour
R_1gkLnpfcMWPE0LF,13,1,0.916730889,0.9228055399,0.9236302274,0.967863699,0.9696151811,0.872,85.4263563729,0.9401291073,vegan university blanket fireplace coffin newspaper zoology brain olympics gingerbread,20,Female,239.208,2.4,3,2.7,1,1,1,6.5,6.5,6.5,5.07692307692308,2.64102564102564,5.07692307692308,TRUE,TRUE,9,vegan,university,blanket,fireplace,coffin,newspaper,zoology,brain,olympics,gingerbread
R_2dLVrWGEGGXiltd,14,0.8,0.8799118213,0.9157515102,0.9150696616,0.9372747285,0.9990976996,0.936,82.4419495561,0.9294210842,balloon shoe magic jazz tissue water slapstick central fork retainer,18,Male,240.047,2.8,2.2,2.5,1.2,0.4,0.8,1,1,3.6,5.32432432432432,3.10810810810811,5.32432432432432,TRUE,TRUE,10,balloon,shoe,magic,jazz,tissue,water,slapstick,central,fork,retainer
R_yTIzVMxaSZPaJot,15,0.6,0.8514643288,0.9352257452,0.9132213952,0.8424788364,0.9944106351,0.845,75.7516507059,0.9073601881,food clothes view light fur box seeds knife alcohol  instrument,20,Female,232.05,3,3.2,3.1,0.2,1,0.6,1.6,1.6,7.8,4.375,2.65,4.375,TRUE,FALSE,10,food,clothes,view,light,fur,box,seeds,knife,alcohol ,instrument
R_2zHAm26Kca3Qlx4,16,2.4,0.8453774321,0.92035596,0.8994592156,0.8798207109,1.0109011519,0.819,76.2645755495,0.9111828941,hat desk moon brick lemon rabbit paint gas needle tissue,18,Female,121.089,4.2,5.2,4.7,2,2.8,2.4,7.4,7.4,7.4,5.875,3.9,5.875,TRUE,TRUE,10,hat,desk,moon,brick,lemon,rabbit,paint,gas,needle,tissue
R_3QQzIzFRO4GTp6I,17,1.6,0.917318651,0.9154205052,0.9315424078,0.9906085272,1.0131208721,0.979,91.7938655664,0.9536021926,watermelon philosophy aglet molecule family harlequin rebuttal cement impostor knuckle,20,Female,180.981,4.8,5.4,5.1,1.2,2,1.6,6.6,6.6,6.6,5.25,3.75,5.25,TRUE,TRUE,9,watermelon,philosophy,aglet,molecule,family,harlequin,rebuttal,cement,impostor,knuckle
R_2Pw01qdfnXeD9FB,18,2.1,0.8594444288,0.9029592488,0.8796290849,0.8904875676,1.0014503017,0.923,79.3886569816,0.9067941264,CAT BOOK MUG NAIL BAG MOTORBIKE TRAMPOLINE HEADPHONES CANDLE COMPUTER,28,Male,202.59,5.4,6.8,6.1,2.2,2,2.1,1,1,8.4,5.3,3.175,5.3,FALSE,FALSE,10,CAT,BOOK,MUG,NAIL,BAG,MOTORBIKE,TRAMPOLINE,HEADPHONES,CANDLE,COMPUTER
R_3R8dR8ZbHUdXYNc,19,0.8,0.7765907816,0.875239946,0.8541236953,0.8586613426,0.9327806684,0.782,73.8933958468,0.8594792868,bag cube phone pillow sugar rubberband cream shorts cake perfume,22,Female,50.075,2,2.2,2.1,1,0.6,0.8,1,1,2.8,5.175,2.825,5.175,TRUE,TRUE,9,bag,cube,phone,pillow,sugar,rubberband,cream,shorts,cake,perfume
R_3CUAdWbrs28hvBS,20,1.5,0.8738422058,0.9174620538,0.8943052427,0.9277979267,0.9920866576,0.868,83.6314086935,0.9210988173,Psychology Log Notebook Tea Painting Headphones Pillow Luggage Lava Coconut,19,Female,39.191,4.4,5.6,5,1.8,1.2,1.5,1.4,1.4,8.4,5.43589743589744,3.43589743589744,5.43589743589744,TRUE,TRUE,10,Psychology,Log,Notebook,Tea,Painting,Headphones,Pillow,Luggage,Lava,Coconut
R_1CC14aeBb0d3hOR,21,0.1,0.8205431305,0.9393031632,0.9134638048,0.8106573379,0.9884465122,0.848,75.2333195437,0.8944827897,space glasses paper animal hat humans table fire cold dead,19,Male,214.198,1.4,1.6,1.5,0,0.2,0.1,1,1,6.25,5.47368421052632,3.05263157894737,5.47368421052632,TRUE,FALSE,10,space,glasses,paper,animal,hat,humans,table,fire,cold,dead
R_1g2vEWoJxyfHmbN,22,2.5,0.8850107305,0.868086161,0.8953471024,0.9754658654,0.9989905116,0.964,89.0091165545,0.9245800742,Wine Rose Bicycle Stalagmite Toenail Sourdough Kohl Aluminium Hypnosis Caffeine,21,Female,112.824,4.8,6.4,5.6,2,3,2.5,11.6,11.6,12,5.225,3.275,5.225,FALSE,TRUE,10,Wine,Rose,Bicycle,Stalagmite,Toenail,Sourdough,Kohl,Aluminium,Hypnosis,Caffeine
R_zfiHFJV6dSrWpHP,23,0.5,0.79063663,0.890203572,0.8663822315,0.7553709426,0.9899828196,0.828,70.7760451805,0.8585152391,stone space human water air star tree animal earth fire,20,Female,65.09,3.2,2.6,2.9,0.8,0.2,0.5,6,6,6,5.4,3.55,5.4,FALSE,TRUE,10,stone,space,human,water,air,star,tree,animal,earth,fire
R_3nCXqa30LLEgBd4,24,0.6,0.9189041866,0.8859891204,0.93217873,0.9631395539,0.9959745222,0.948,85.2784796884,0.9392372226,laptop frog galaxy dictionary salt letterbox banana toenail valley hexagon,19,Female,212.594,2.2,1.8,2,0.6,0.6,0.6,5.8,5.8,5.8,5.82051282051282,4.02564102564103,5.82051282051282,TRUE,FALSE,10,laptop,frog,galaxy,dictionary,salt,letterbox,banana,toenail,valley,hexagon
R_1CpFDdiF4aTd1if,25,0.2,0.8332772913,0.9064073831,0.8953982354,0.8016544996,0.9738304422,0.848,72.132268548,0.8821135703,apple bin table air paper hand tree metal lamp rubber,18,Female,46.288,1.6,1.8,1.7,0.4,0,0.2,3.4,3.4,3.6,5.17647058823529,2.91176470588235,5.17647058823529,FALSE,TRUE,10,apple,bin,table,air,paper,hand,tree,metal,lamp,rubber
R_2f7KOyntLJ6C8PH,26,0.7,0.8413263272,0.913582742,0.9075165523,0.9492472316,0.983203747,0.909,83.6573437998,0.91897532,icecube camel parliament bulldozer plug honey thought fence lampshade tree,18,Female,139.279,5.2,6.2,5.7,0.6,0.8,0.7,10.2,10.2,10.2,5.575,4.025,5.575,TRUE,FALSE,9,icecube,camel,parliament,bulldozer,plug,honey,thought,fence,lampshade,tree
R_yX8PewyQZLjUCRz,27,0.2,0.8528218,0.9248736914,0.9108393547,0.8930902266,1.0026128978,0.881,79.4751613623,0.9168475941,Phone Pizza Mountain Dog Train Book Treadmil Jumper Guitar Sunscreen,19,Female,199.764,1.2,1.4,1.3,0.4,0,0.2,2.6,2.6,2.6,5.575,3.7,5.575,TRUE,TRUE,9,Phone,Pizza,Mountain,Dog,Train,Book,Treadmil,Jumper,Guitar,Sunscreen
R_1jNjr4UK3atqwVi,28,0.5,0.8922327227,0.9333787505,0.91038903,0.9293401402,0.9992864943,0.901,81.2626883831,0.9329254275,Computer Desert Fountain King Stalker Painting Plastic Road Triton Platypus,30,Male,240.152,2.8,3.6,3.2,0.2,0.8,0.5,6.6,6.6,6.6,6.17948717948718,4.05128205128205,6.17948717948718,TRUE,FALSE,10,Computer,Desert,Fountain,King,Stalker,Painting,Plastic,Road,Triton,Platypus
R_3fJpUbsHgW04DGh,29,0.3,0.7999745657,0.8553098171,0.8408581329,0.7376037675,0.9636575383,0.816,64.4677057153,0.8394807643,ideas things thoughts problems dreams goods shops books reasons tools,18,Female,67.474,1,1.2,1.1,0,0.6,0.3,2.2,2.2,2.2,4.56410256410256,2.58974358974359,4.56410256410256,TRUE,FALSE,10,ideas,things,thoughts,problems,dreams,goods,shops,books,reasons,tools
R_1oBecgNrwp9YQQu,30,0.8,0.814248599,0.8885484351,0.8766165542,0.8395564838,0.9537472881,0.779,74.2638386431,0.874543472,BOTTLE LAPTOP PAPER FORK RUBBER WALLET MIRROR FINGER CURTAIN PIANO,19,Female,62.006,2.6,3.2,2.9,1.4,0.2,0.8,7,7,7,4.775,3.025,4.775,FALSE,TRUE,10,BOTTLE,LAPTOP,PAPER,FORK,RUBBER,WALLET,MIRROR,FINGER,CURTAIN,PIANO
R_3FPXVipCmdpNoLd,31,0.3,0.8389722658,0.9134397132,0.8812603032,0.9217229801,0.9983303783,0.888,76.3905791654,0.9107451281,dog poop planet apple lips eclipse  mug superman laptop paino ,19,Female,55.041,2.4,3.2,2.8,0.2,0.4,0.3,5.2,5.2,5.2,4.525,2.8,4.525,TRUE,TRUE,9,dog,poop,planet,apple,lips,eclipse ,mug,superman,laptop,paino 
R_2CZk7afe94EGSuu,32,0.8,0.8635954842,0.876951686,0.872104567,0.9484766566,0.9810839029,0.837,82.4779570103,0.9084424593,sadness broom toe nail soil shallow nectarine  shard  moist narwhal  communism ,20,Female,85.611,3.8,5,4.4,0.8,0.8,0.8,1,1,10,5.89473684210526,3.81578947368421,5.89473684210526,TRUE,FALSE,10,sadness,broom,toe nail,soil,shallow,nectarine ,shard ,moist,narwhal ,communism 
R_1dtnZJDjL2GcG4W,33,0.5,0.8549797999,0.9439683336,0.9293153353,0.8730879612,1.0016682215,0.886,78.7354488813,0.9206039303,shoe sun  chair  bird  class  party  online  pen  cloud  beach ,19,Female,102.201,2.2,3,2.6,0.6,0.4,0.5,1,1,4.2,4.22857142857143,2.08571428571429,4.22857142857143,TRUE,FALSE,10,shoe,sun ,chair ,bird ,class ,party ,online ,pen ,cloud ,beach 
R_tDmoYL1i01lK8PD,34,0,0.8501044364,0.8934210083,0.891936638,0.8675043274,0.9800454628,0.879,83.8302287717,0.8966023746,biscuit car biology laptop tablet book chairs pen bottle water,19,Female,49.832,1.4,1.4,1.4,0,0,0,2,2,2,5.5,3.29411764705882,5.5,FALSE,FALSE,10,biscuit,car,biology,laptop,tablet,book,chairs,pen,bottle,water
R_eJdcUSeRWxSC3SN,35,0,0.8618701212,0.8743849766,0.9034329343,0.8710094682,0.9970971353,0.895,79.4461855221,0.9015589271,Table Skates Keyboard Needle Water Ball Lotion Titanium Guitar Lab,19,Female,110.566,1.6,2.6,2.1,0,0,0,4,4,4,5.25,3.6,5.25,TRUE,FALSE,10,Table,Skates,Keyboard,Needle,Water,Ball,Lotion,Titanium,Guitar,Lab
R_3QFpUT3OifgxTjB,36,0.1,0.8431166325,0.9242175979,0.9185323168,0.880203822,1.0054564742,0.774,77.3929719059,0.9143053687,Table  Doctor  Fence Laptop Scarf Cow  Sleep  Shoe  Journal  Eyes,18,Female,38.715,1.4,1.6,1.5,0,0.2,0.1,5.4,5.4,5.4,4.7,2.425,4.7,TRUE,TRUE,10,Table ,Doctor ,Fence,Laptop,Scarf,Cow ,Sleep ,Shoe ,Journal ,Eyes
R_1jEbs43YurPKyIi,37,0.5,0.8634628737,0.921030881,0.929829975,0.9236980493,0.9998464902,0.907,83.7155803861,0.9275736538,Cat Pizza Phone Duvet Hinges Blades Water Theory Demand Dark,19,Male,92.186,2.8,3.8,3.3,0.2,0.8,0.5,4.6,4.6,5,4.64102564102564,2.61538461538462,4.64102564102564,TRUE,FALSE,10,Cat,Pizza,Phone,Duvet,Hinges,Blades,Water,Theory,Demand,Dark
R_9vNfEYmmEmPXVwB,38,0.2,0.8893759109,0.9153170783,0.9261612039,0.891903743,0.9889942928,0.824,81.8367836199,0.9223504458,Shoes Pet Equipment Hip hop Cup Dinosaur  Jewellery  Depression Development Word,18,Female,112.654,2,2,2,0,0.4,0.2,1,1,2.8,4.45945945945946,2.27027027027027,4.45945945945946,TRUE,FALSE,9,Shoes,Pet,Equipment,Hip hop,Cup,Dinosaur ,Jewellery ,Depression,Development,Word
R_W6WJXdYE6bk1FGV,39,0.8,0.8464138566,0.9124212783,0.8855395623,0.8177148211,0.9778600305,0.889,84.2300421181,0.8879899097,book television shoe mobile phone baskeball body builder hometown mother Christmas holiday,18,Male,89.777,1.6,1.6,1.6,0.6,1,0.8,1,1,2.4,5.025,3.025,5.025,TRUE,FALSE,7,book,television,shoe,mobile phone,baskeball,body builder,hometown,mother,Christmas,holiday
R_291f1fe4TC8J4zt,40,0.8,0.8411577111,0.869823263,0.8857521311,0.8542138306,0.9777079912,0.781,75.9087122267,0.8857309854,shoes books detention bags pencils pens boards music player woods laptop,18,Male,76.742,2.8,4,3.4,0.8,0.8,0.8,6.8,6.8,6.8,4.66666666666667,2.77777777777778,4.66666666666667,FALSE,FALSE,9,shoes,books,detention,bags,pencils,pens,boards,music player,woods,laptop
R_21vqKr07VVUcgH2,41,2.2,0.9464002703,0.8398958315,0.9287398459,0.966093033,1.0048863513,0.968,93.0530111727,0.9372030664,Pedantry Armadillo Responsibility Furniture Tether Electron Lifeboat Obfuscation Greenness Seasoning,18,Male,240.125,6.6,6.6,6.6,2.8,1.6,2.2,1,1,10.4,5.05128205128205,3.12820512820513,5.05128205128205,TRUE,FALSE,10,Pedantry,Armadillo,Responsibility,Furniture,Tether,Electron,Lifeboat,Obfuscation,Greenness,Seasoning
R_2rqkwTUF0E8SejO,42,0.1,0.7376354679,0.7805082255,0.8126887029,0.7363373194,0.888204733,0.79,58.8511947365,0.7910748898,cat dog apple pear orange  kiwi banana pink yellow green,20,Female,31.252,1.2,1.2,1.2,0,0.2,0.1,1,1,1.6,5.15384615384615,3.15384615384615,5.15384615384615,FALSE,TRUE,10,cat,dog,apple,pear,orange ,kiwi,banana,pink,yellow,green
R_tLHdWgKEjBrVHUt,43,0.5,0.7696504979,0.912194277,0.8933965437,0.8125810257,0.9844121143,0.82,72.9937532828,0.8744468917,cat toy food shirt plane house pencil glasses picture movie,18,Female,40.249,2.6,3.2,2.9,0.4,0.6,0.5,3.6,3.6,3.6,6.06451612903226,4.2258064516129,6.06451612903226,TRUE,TRUE,10,cat,toy,food,shirt,plane,house,pencil,glasses,picture,movie
R_3PMg1R8EzgXmKUq,44,0.5,0.8560049935,0.9273596277,0.9168576687,0.8728574258,0.9957282196,0.848,79.2346715572,0.9137615871,apple pen container electricity  steel  number  clothes  door lipstick  visa ,19,Female,NA,2.4,2,2.2,0.8,0.2,0.5,1.2,1.2,1.6,5.66666666666667,3.83333333333333,5.66666666666667,TRUE,TRUE,10,apple,pen,container,electricity ,steel ,number ,clothes ,door,lipstick ,visa 
R_3nqJQTCtUVeuxrn,45,0.2,0.8678061672,0.921640996,0.8832698637,0.8050767333,0.9923503339,0.844,72.7764140637,0.8940288188,music art science commerce building sky grass computer hotel novel,19,Female,44.443,3,2.6,2.8,0,0.4,0.2,4.2,4.2,4.6,4.5,2.85,4.5,FALSE,FALSE,10,music,art,science,commerce,building,sky,grass,computer,hotel,novel
R_4Zrk1LO70CeD7Zn,46,0,0.8896086199,0.9600852115,0.9315740056,0.9388507916,0.9937509613,0.925,82.4334417425,0.942773918,chair head alley deadline puppet powerpoint carbon church flower prison,18,Female,76.105,1.4,1,1.2,0,0,0,2.4,2.4,2.4,4.875,3.425,4.875,TRUE,FALSE,9,chair,head,alley,deadline,puppet,powerpoint,carbon,church,flower,prison
R_29n1PT9ai92BbUe,47,0,0.8424085947,0.9189666603,0.9037119008,0.8662825692,0.9826292062,0.898,83.6041221096,0.9027997862,paper food family earphones pins friends album music sunset camera,18,Female,102.792,2.2,2,2.1,0,0,0,1.2,1.2,2.6,5.53846153846154,3.74358974358974,5.53846153846154,TRUE,FALSE,10,paper,food,family,earphones,pins,friends,album,music,sunset,camera
R_viaSaxBxkdQhma5,48,0.8,0.8139596182,0.9132547321,0.8970617919,0.8740058328,0.9815690356,0.802,75.6899423897,0.8959702021,cup bed book shoe spring spoon moon plane motherhood glass,18,Female,58.101,2.4,2.4,2.4,0.6,1,0.8,5.2,5.2,5.2,4.75,2.86111111111111,4.75,TRUE,FALSE,10,cup,bed,book,shoe,spring,spoon,moon,plane,motherhood,glass
R_yJ9uEZEOsJpZT69,49,0.3,0.7987431455,0.8818437263,0.8747283772,0.8680791891,0.9697067257,0.868,76.4340213012,0.8786202328,Pillow Cat Car Flame Bread Toothbrush Brick Wall Sweater Stairs,20,Female,72.532,2,2,2,0,0.6,0.3,3.8,3.8,3.8,5.35897435897436,3.53846153846154,5.35897435897436,TRUE,FALSE,10,Pillow,Cat,Car,Flame,Bread,Toothbrush,Brick,Wall,Sweater,Stairs
R_b8CJfDZQpYzPKyl,50,0.8,0.8748861065,0.9095712161,0.9050233609,0.8972609549,0.9946319188,0.855,82.1531449068,0.9162747114,bottle photograph ring airplane eyeball hotel bacteria comet lava mango,21,Female,115.348,4,5,4.5,0.8,0.8,0.8,1.4,1.4,7.6,5.63157894736842,3.57894736842105,5.63157894736842,TRUE,FALSE,10,bottle,photograph,ring,airplane,eyeball,hotel,bacteria,comet,lava,mango
R_1F9tvmTHLJq2mqt,51,0,0.8245379676,0.9402137912,0.9124136237,0.8367500287,0.9945856155,0.884,73.531487726,0.9017002053,milk toy women country money room plastic bone ash star,19,Female,94.568,0,0.2,0.1,0,0,0,9.2,9.2,9.2,4.76923076923077,2.76923076923077,4.76923076923077,TRUE,TRUE,10,milk,toy,women,country,money,room,plastic,bone,ash,star
R_3n1bJ3fDjYR7smY,52,1,0.8329595813,0.9129530621,0.9077162907,0.8522356667,0.9851227088,0.86,75.6224715994,0.8981974619,Sky Fish Rice Name Wall Plate Gun Weather Mountain  Cloth,19,Female,NA,3.6,3.4,3.5,1.6,0.4,1,1,1,2.4,4.05263157894737,2.05263157894737,4.05263157894737,TRUE,FALSE,10,Sky,Fish,Rice,Name,Wall,Plate,Gun,Weather,Mountain ,Cloth
R_1nUeV7DyYS38BCy,53,0.3,0.8161195777,0.9205658509,0.901272681,0.7987152635,0.9996699289,0.828,73.1805462213,0.8872686604,water shoe sky computer bag hair ring light car farm,20,Female,198.704,2,2.6,2.3,0.2,0.4,0.3,3.6,3.6,3.6,5.26315789473684,3.36842105263158,5.26315789473684,TRUE,FALSE,10,water,shoe,sky,computer,bag,hair,ring,light,car,farm
R_2WwM2eMbGsjT3Dw,54,0.9,0.8203897964,0.8232302495,0.8342234542,0.781248043,0.9867091004,0.87,71.6538578272,0.8491601287,trees materials animals buildings vegetables cars planets books tools inventions,19,Female,154.023,2.2,2,2.1,0.8,1,0.9,1,1,3,4.13157894736842,2.36842105263158,4.13157894736842,TRUE,TRUE,10,trees,materials,animals,buildings,vegetables,cars,planets,books,tools,inventions
R_1OqMPsEWhkYnW5Q,55,0.1,0.8223193915,0.926708062,0.8967362767,0.8567327132,0.9818370915,0.856,77.0078312783,0.896866707,pen road bottle computer country poster gun lipstick knife plane,19,Female,110.559,2.2,1.8,2,0,0.2,0.1,3,3,3.6,5.7037037037037,3.03703703703704,5.7037037037037,TRUE,FALSE,10,pen,road,bottle,computer,country,poster,gun,lipstick,knife,plane
R_3HCCfZk84swdvM7,56,0.7,0.8024270913,0.8937748814,0.8989876833,0.8799323485,0.9884375214,0.839,72.866862693,0.8927119052,chair school earphone cat dog sleep food hamburger korea music,19,Female,42.701,3.2,2.8,3,0.6,0.8,0.7,3.8,3.8,3.8,5,3,5,FALSE,TRUE,9,chair,school,earphone,cat,dog,sleep,food,hamburger,korea,music
R_1LebZ1Hi3nl8tlj,57,0,0.8485107633,0.9414854186,0.9162897738,0.8465383029,0.9890393179,0.912,74.7043035924,0.9083727153,High heels  Light Computer  Pen Air School Criminal Children Piano Policemen ,18,Female,78.301,0.8,0.6,0.7,0,0,0,1.2,1.2,1.2,7,7,7,TRUE,TRUE,9,High heels ,Light,Computer ,Pen,Air,School,Criminal,Children,Piano,Policemen 
R_2dhfT7nYCvvUelS,58,0,0.8683198739,0.9335134294,0.9140822423,0.9179541385,0.9890320236,0.888,79.8847689249,0.9245803415,bank fruit foot bag chopsticks book hanger fireworks star computer,19,Female,59.909,1.6,1,1.3,0,0,0,3,3,3,4.88571428571429,2.31428571428571,4.88571428571429,TRUE,FALSE,10,bank,fruit,foot,bag,chopsticks,book,hanger,fireworks,star,computer
R_30jlHwfRrIkzt88,59,0.4,0.879764062,0.9061397181,0.9201281804,0.8524389839,0.9812755432,0.869,81.4727046616,0.9079492975,subject number words clothes adjective felling size sports playing height,18,Female,127.202,1.6,1.4,1.5,0.4,0.4,0.4,4,4,4,4.48717948717949,2.61538461538462,4.48717948717949,TRUE,FALSE,10,subject,number,words,clothes,adjective,felling,size,sports,playing,height
R_Wjpcfpb5tORgYBH,60,0,0.8515799416,0.8968011171,0.889747613,0.8849846196,0.977238921,0.837,76.6446827778,0.9000704425,Cat Dishwasher Sock Wood Jeans Leaf String Toothpaste Fire Nail,18,Female,68.243,1,1.8,1.4,0,0,0,1.4,1.4,2.6,4.975,3.075,4.975,TRUE,TRUE,10,Cat,Dishwasher,Sock,Wood,Jeans,Leaf,String,Toothpaste,Fire,Nail
R_2wuac7DOR7Jco7U,61,0,0.8465221833,0.9228943348,0.9193472248,0.8670279791,1.005327134,0.766,71.271640559,0.9122237712,shirt cat apple desk wall sky flower book chromosome confidence,19,Female,124.703,1.8,1.8,1.8,0,0,0,2.4,2.4,2.4,4.97368421052632,3.18421052631579,4.97368421052632,TRUE,TRUE,10,shirt,cat,apple,desk,wall,sky,flower,book,chromosome,confidence
R_VOwZbs3BakIwyvn,62,0.7,0.8111043375,0.9199914169,0.8988472762,0.8227192511,0.9881124455,0.875,72.2201189115,0.8881549454,shoes food eyes tree light space knowledge bed kiss sponge,19,Female,182.167,3,2.4,2.7,0.8,0.6,0.7,4.6,4.6,4.6,4.21052631578947,2.21052631578947,4.21052631578947,TRUE,TRUE,10,shoes,food,eyes,tree,light,space,knowledge,bed,kiss,sponge
R_U9LfgDfj4OFFz1f,63,0,0.8806793616,0.9559113589,0.9241838854,0.908295216,0.9994777172,0.921,81.3091480661,0.9337095078,Foot Glue Cat Virus Mountain War Violet Democracy Football Gravity,18,Male,115.915,2.6,3,2.8,0,0,0,1.6,1.6,4.6,5.675,4.05,5.675,TRUE,TRUE,10,Foot,Glue,Cat,Virus,Mountain,War,Violet,Democracy,Football,Gravity
R_24DjXn8SlPjOe7z,64,0.1,0.8831709028,0.9097530449,0.9177351883,0.9229318912,0.9855186537,0.871,83.7121562655,0.9238219362,pen nail chair weather psychology physicist dream cather soap opera university,21,Female,156.36,1.6,1.6,1.6,0,0.2,0.1,3,3,3,4.55555555555556,2.36111111111111,4.55555555555556,TRUE,TRUE,9,pen,nail,chair,weather,psychology,physicist,dream cather,soap,opera,university
R_2dXdbUQg8NYeV2L,65,1.3,0.8797218927,0.9330756605,0.9194887542,0.8546120725,1.0005816344,0.912,77.9130972212,0.9174960028,Boat Country Board Sheet Tissue Planet Key Colour Glass Program,19,Female,114.588,4,4.6,4.3,0.6,2,1.3,8.2,8.2,8.2,5.38461538461539,3.64102564102564,5.38461538461539,TRUE,FALSE,10,Boat,Country,Board,Sheet,Tissue,Planet,Key,Colour,Glass,Program
R_erCr0YvuEsbwTOV,66,0.2,0.8467843469,0.9104089851,0.901540424,0.9203202894,0.9872350192,0.825,80.7827878497,0.9132578129,Cat Homework Building Dirt Shorts Eyeliner Ball Airplane Pear Dishwasher,18,Female,139.786,2.6,2.6,2.6,0,0.4,0.2,3.4,3.4,3.4,5.33333333333333,3.46153846153846,5.33333333333333,TRUE,TRUE,10,Cat,Homework,Building,Dirt,Shorts,Eyeliner,Ball,Airplane,Pear,Dishwasher
R_Cm26V4GQNcjFcqZ,67,0.8,0.8097559443,0.8922146472,0.8981604071,0.8650550014,0.9769087003,0.808,75.1001499593,0.88841894,happiness sadness face  nose  toe book shelf tree sky star,19,Male,31.001,2.4,2.4,2.4,1,0.6,0.8,3.6,3.6,3.6,4.05,2.025,4.05,FALSE,TRUE,10,happiness,sadness,face ,nose ,toe,book,shelf,tree,sky,star
R_233q3VCPnsmQ6xN,68,0,0.836039687,0.9448742381,0.9085041632,0.8722472548,0.9862877074,0.884,75.3560217363,0.9095906101,sun table children rabbit red computer cup fire highlighter happy,18,Female,110.552,0,0.6,0.3,0,0,0,1,1,15.4,4.7,2.9,4.7,TRUE,FALSE,10,sun,table,children,rabbit,red,computer,cup,fire,highlighter,happy
R_1nPIZgz7bBOf0rv,69,0,0.8699762014,0.9440908861,0.9327698018,0.8817744063,1.0096261517,0.887,75.5539797601,0.9276474895,man pen room fruit shoe city fish lecture biology website,19,Female,62.049,0,0.8,0.4,0,0,0,9,9,9,4.97297297297297,3.08108108108108,4.97297297297297,TRUE,FALSE,10,man,pen,room,fruit,shoe,city,fish,lecture,biology,website
R_29cXtHxG4EjCFvB,70,0.8,0.8290397849,0.9275748361,0.9247183807,0.8173871299,0.9847209423,0.83,73.075652974,0.8966882148,father sky star earth ground line data passport tiger good,19,Male,115.638,3.2,2.6,2.9,0.8,0.8,0.8,1,1,4.4,5,3.28947368421053,5,TRUE,FALSE,10,father,sky,star,earth,ground,line,data,passport,tiger,good
R_22E4cpwNemYjEjK,71,0.1,0.8429580071,0.9307984964,0.9317851943,0.8923536114,1.0045140193,0.926,85.6523393698,0.9204818657,blankets abstract knife basketball donkey taco river see-saw foot television,18,Female,126.322,1.2,1.6,1.4,0,0.2,0.1,1,1,1.6,5.225,3.425,5.225,TRUE,TRUE,10,blankets,abstract,knife,basketball,donkey,taco,river,see-saw,foot,television
R_1o7PLrxSTHpVbUt,72,0.6,0.7640258336,0.9005242199,0.8773750303,0.819861345,0.9860935885,0.65,78.281760677,0.8695760035,cat watch drink bottle phone bag chair book leggings rings lipbalm,18,Female,49.175,2.6,3.2,2.9,0.4,0.8,0.6,4.4,4.4,4.4,NA,NA,NA,FALSE,TRUE,8,cat,watch,drink bottle,phone,bag,chair,book,leggings,rings,lipbalm
R_yVe3d30IVCQbwXL,73,0.6,0.8369373269,0.9042089391,0.9005906266,0.8797205301,0.9801717965,0.798,71.9517905797,0.9003258438,Orange Candy People Wood Underwear Furniture Sock Cable Nest Eyeball,19,Female,56.937,3.6,4.2,3.9,0.8,0.4,0.6,6,6,6,4.63157894736842,2.76315789473684,4.63157894736842,TRUE,TRUE,10,Orange,Candy,People,Wood,Underwear,Furniture,Sock,Cable,Nest,Eyeball
R_1FR4wFKoFkRhrmc,74,0,0.7543863588,0.9028561571,0.8961533265,0.7379012406,0.9833107165,0.817,57.1310530816,0.8549215599,study life friends family world freedom love dog cup phone,19,Female,39.561,0.8,0.8,0.8,0,0,0,6.4,6.4,6.4,4.63157894736842,2.21052631578947,4.63157894736842,TRUE,FALSE,10,study,life,friends,family,world,freedom,love,dog,cup,phone
R_0lk8VMw4UcCIN4B,75,0,0.8101101624,0.9177891945,0.8928656769,0.8175653997,1.0014670946,0.823,75.8972896706,0.8879595056,pen apple mouse cloud grass car paper dog water fire,21,Female,45.917,1.6,1.4,1.5,0,0,0,1.6,1.6,1.6,4.125,2.05,4.125,TRUE,FALSE,10,pen,apple,mouse,cloud,grass,car,paper,dog,water,fire
R_Xwc5xt8gby781Ql,76,0.2,0.859074517,0.9131279497,0.9067649476,0.8815068881,0.9921347607,0.871,79.6617053006,0.9105218126,lion computer hair toner wall pool bus trainer gym pillow,19,Female,138.445,1.2,1.6,1.4,0.4,0,0.2,4,4,4,4.86486486486486,2.48648648648649,4.86486486486486,TRUE,TRUE,10,lion,computer,hair,toner,wall,pool,bus,trainer,gym,pillow
R_2ZDGlR1nSHl1d9P,77,0.2,0.8723316871,0.944521567,0.9322245559,0.9029196587,1.0055370966,0.867,82.8802921499,0.9315069131,apple cup dogs umbrella buildings confidence show clips sofa tears,21,Female,58.94,1.6,2,1.8,0.2,0.2,0.2,2.4,2.4,2.4,6,1,6,TRUE,TRUE,10,apple,cup,dogs,umbrella,buildings,confidence,show,clips,sofa,tears
R_301R6BxsKNSw7SW,78,0,0.8394701266,0.9254533535,0.9221822817,0.8456873249,1.0054871332,0.899,73.8376635881,0.907656044,sun phone book hair  water air job bank map guitar,19,Male,134.925,1.4,1.4,1.4,0,0,0,3.8,3.8,3.8,5.34375,3.53125,5.34375,FALSE,FALSE,10,sun,phone,book,hair ,water,air,job,bank,map,guitar
R_3fuyQ4J54KJS4FH,79,0.7,0.8371831622,0.9319921863,0.9034855209,0.9019626633,0.9991736059,0.898,83.2226382835,0.9147594277,RABBIT socks homework turner lipstick summer politician myself laptop pizza,18,Female,78.38,3.6,4.2,3.9,0.6,0.8,0.7,6.4,6.4,6.4,4.26666666666667,2.23333333333333,4.26666666666667,FALSE,FALSE,10,RABBIT,socks,homework,turner,lipstick,summer,politician,myself,laptop,pizza
R_3CUyzsWdjShyv39,80,0.5,0.8960941122,0.9353256281,0.9458717829,0.9471002363,1.0067903669,0.878,81.0437081648,0.9462364253,burger rabbit harm clouds male tree chair fanatic statement  severity,18,Female,240.039,2.8,3.4,3.1,0.2,0.8,0.5,1.4,1.4,6.6,5.15789473684211,3.39473684210526,5.15789473684211,TRUE,FALSE,10,burger,rabbit,harm,clouds,male,tree,chair,fanatic,statement ,severity
R_11XB46TLEcjuxQ8,81,0.6,0.8437274638,0.9214854074,0.8918950464,0.8776449251,1.0076340517,0.789,80.1634048866,0.9084773789,shoe hair apple kitchen orchestra girl lightbulb crystal walls atmosphere,18,Female,42.042,3,3,3,0.6,0.6,0.6,1,1,6,4.55,2.45,4.55,TRUE,FALSE,10,shoe,hair,apple,kitchen,orchestra,girl,lightbulb,crystal,walls,atmosphere
R_1CEDW1q00hAb8Av,82,0.2,0.8694297986,0.9272109366,0.9359015537,0.8897871564,0.9720230638,0.852,81.4236095441,0.9188705018,apple  diswasher shoes conception belief basketball player riligion king zone monkey,18,Female,62.594,1.2,1.4,1.3,0.4,0,0.2,1,1,2.5,4.25714285714286,2.2,4.25714285714286,TRUE,TRUE,7,apple ,diswasher,shoes,conception,belief,basketball player,riligion,king,zone,monkey
R_1PbYlzUAz9XJ23C,83,0.2,0.8807565577,0.8965668568,0.9131686447,0.9305250285,0.9874043605,0.945,85.2631354305,0.9216842896,apple wallet headphone tissue melbourne uni indian food fibre coat hanger shoes tram,19,Male,184.078,3,2.6,2.8,0.2,0.2,0.2,1,1,3.6,5.16216216216216,2.83783783783784,5.16216216216216,FALSE,FALSE,8,apple,wallet,headphone,tissue,melbourne uni,indian food,fibre,coat hanger,shoes,tram
R_3DcCkzoxRD2YZPE,84,0,0.8689611299,0.9475600103,0.9261619793,0.924033803,0.9907104778,0.882,79.2753958276,0.9314854801,Physics apple wood heart fairies death sound mile jeans sadness,18,Female,186.382,2,1.6,1.8,0,0,0,2,2,3.8,4.975,3.4,4.975,TRUE,FALSE,10,Physics,apple,wood,heart,fairies,death,sound,mile,jeans,sadness
R_2uCicKXIkKG79MW,85,0.1,0.767523634,0.8603437796,0.8695561919,0.7942648154,0.9714503042,0.743,74.481203478,0.852627745,Shoe Keys Clothes Pencil case Bottle Phone glasses papers photo frame files,19,Female,62.047,1.4,1.2,1.3,0,0.2,0.1,1,1,1.6,4.96666666666667,3.1,4.96666666666667,FALSE,TRUE,8,Shoe,Keys,Clothes,Pencil case,Bottle,Phone,glasses,papers,photo frame,files
R_AhT1mludyP6UnAd,86,0.1,0.8484622867,0.9117178439,0.9074785574,0.9165481447,0.9959643566,0.896,78.3528095732,0.9160342378,pizza pillow train germ hair earth air electricity handbag pigment,19,Female,217.979,1.4,1.4,1.4,0,0.2,0.1,4.8,4.8,4.8,4.55263157894737,2.5,4.55263157894737,TRUE,TRUE,10,pizza,pillow,train,germ,hair,earth,air,electricity,handbag,pigment
R_3Rw1g1hXlg7W0nn,87,0.3,0.879248709,0.9087263496,0.9124595947,0.8885336367,1.0020281286,0.891,78.49845017,0.9181992837,water pencil cat cello ribbon mountain ghost maze neuron book,20,Female,202.936,3.2,3.4,3.3,0.6,0,0.3,1.8,1.8,5.2,5.25641025641026,3.66666666666667,5.25641025641026,TRUE,TRUE,10,water,pencil,cat,cello,ribbon,mountain,ghost,maze,neuron,book
R_22lHaEws9216EUz,88,0.1,0.7954136783,0.885092717,0.8807623734,0.8760302494,0.9959328812,0.89,77.5491895243,0.8866463799,Pillow Car Medicine  Chopsticks  Lighter Compuet Desk Glasses Handcream Tissue,20,Female,73.474,1.4,1.2,1.3,0.2,0,0.1,2,2,2,4.28205128205128,2.05128205128205,4.28205128205128,TRUE,FALSE,8,Pillow,Car,Medicine ,Chopsticks ,Lighter,Compuet,Desk,Glasses,Handcream,Tissue
R_3rGvtH3AH8KTTd7,89,0,0.7713262286,0.8845728035,0.8579914042,0.7806817835,0.9667396134,0.726,61.9465027537,0.8522623666,bread candy cake fish grass flower toy  pen shoe hand,20,Female,90.077,1.8,1.8,1.8,0,0,0,2.4,2.4,2.4,4.75,2.85,4.75,TRUE,TRUE,10,bread,candy,cake,fish,grass,flower,toy ,pen,shoe,hand
R_1eKIO2quBT8DWFI,90,1.5,0.8092602174,0.8818007037,0.9055392221,0.861236414,0.9828660164,0.823,77.1173072181,0.8881405147,Gum Headphone Paper Cat Hair Smile Drinks Gun Garbage  Bennies,29,Female,171.551,3.2,3.4,3.3,1.8,1.2,1.5,6,6,6,5.24324324324324,3.13513513513514,5.24324324324324,TRUE,FALSE,9,Gum,Headphone,Paper,Cat,Hair,Smile,Drinks,Gun,Garbage ,Bennies
R_r2XLdtfAvQXFDpf,91,0.8,0.8149129376,0.9242756033,0.9095998958,0.8486765066,0.9879957098,0.856,76.0589083745,0.8970921306,white dog school wind knive grandmother jeans metal moon witch,19,Female,102.365,3.8,4.2,4,1,0.6,0.8,1.6,1.6,8.2,5.66666666666667,3.48717948717949,5.66666666666667,TRUE,FALSE,9,white,dog,school,wind,knive,grandmother,jeans,metal,moon,witch
R_dfXeHNzUglqgmeB,92,0.2,0.7789428682,0.7778948624,0.8163061321,0.8364477401,0.924938548,0.759,75.9012744008,0.8269060302,Rulers Papers Rubbers Pens Pencils Book Pens Pins Laptop Keyboard,19,Female,85.348,1.8,1.8,1.8,0.4,0,0.2,1,1,3,5.35897435897436,3.07692307692308,5.35897435897436,FALSE,FALSE,9,Rulers,Papers,Rubbers,Pens,Pencils,Book,Pens,Pins,Laptop,Keyboard
R_3p2N5TyLOObYorw,93,1.1,0.87491167,0.9442260209,0.906068929,0.9336676859,1.0060671769,0.88,86.3887581686,0.9329882965,apple planet mole song button driller thumb symbol board wool,20,Female,240.054,3.8,4.4,4.1,1.2,1,1.1,1.2,1.2,7.2,5.45,3.675,5.45,TRUE,FALSE,10,apple,planet,mole,song,button,driller,thumb,symbol,board,wool
R_1gI7dQgzYhSYXSh,94,0.5,0.8790281727,0.9530580999,0.9245856365,0.8538641844,0.9870449459,0.838,78.828471154,0.9195162079,history eye founder poster window bed theatre hammer tree food,35,Female,73.067,2,3,2.5,0.2,0.8,0.5,1,1,4.6,4.9,3.2,4.9,TRUE,TRUE,10,history,eye,founder,poster,window,bed,theatre,hammer,tree,food
R_em0gB0n8x6RoB33,95,1.3,0.8964342978,0.8787523435,0.9260004979,0.9327853944,0.9901728029,0.908,80.5448981002,0.9248290673,orange sandal chair bag lego laptop planet nitrogen tutorial plushie,18,Female,102.94,5,5.6,5.3,1.2,1.4,1.3,1,1,8.4,5.15789473684211,2.86842105263158,5.15789473684211,TRUE,TRUE,8,orange,sandal,chair,bag,lego,laptop,planet,nitrogen,tutorial,plushie
R_A4fO3VhF5QPcc4F,96,0.4,0.849188242,0.8984676143,0.8917311084,0.9156819187,0.9950825592,0.894,80.4645355259,0.9100302885,elephants banana sky shooting crabs children soundtrack football handclap television,20,Male,83.594,2.4,2.2,2.3,0,0.8,0.4,7.8,7.8,8,4.28205128205128,1.97435897435897,4.28205128205128,TRUE,TRUE,10,elephants,banana,sky,shooting,crabs,children,soundtrack,football,handclap,television
R_30i8zRM2YXMXICb,97,0,0.8579709504,0.9191046197,0.9202466057,0.8670413864,0.9883111015,0.911,81.2336368863,0.9105349327,Atom Concept Cloud Homosapian Botany Pharmacy Child Thing Hope Meaning,47,Female,87.534,2.2,2,2.1,0,0,0,1,1,5,5.45945945945946,3.54054054054054,5.45945945945946,TRUE,TRUE,9,Atom,Concept,Cloud,Homosapian,Botany,Pharmacy,Child,Thing,Hope,Meaning
R_2B5Sfae5sbRFfgc,98,0.1,0.8858068244,0.9254803478,0.9187444373,0.9053262573,0.9930218019,0.876,79.3745912966,0.9256759337,umbrella  fountain  spring  July  river  colour  wonderland  fiction  tennis  confidence ,19,Female,77.625,1.4,1.6,1.5,0,0.2,0.1,1.8,1.8,1.8,4.25,2.475,4.25,TRUE,TRUE,9,umbrella ,fountain ,spring ,July ,river ,colour ,wonderland ,fiction ,tennis ,confidence 
R_2zYHFdB6hKj47rq,99,0.1,0.8289501129,0.8960577568,0.912971762,0.8623899586,0.9751811161,0.774,78.5586141759,0.8951101413,apple phone cup paper ear chair stair cloth window street,20,Female,79.242,1.8,2,1.9,0,0.2,0.1,1.6,1.6,3.2,5.25,2.925,5.25,FALSE,TRUE,10,apple,phone,cup,paper,ear,chair,stair,cloth,window,street
R_1hWigBf9VzKYmK0,100,0.3,0.8555428708,0.9195069982,0.9186856426,0.9229772206,0.9984451133,0.911,84.6340820105,0.9230315691,universe elevater dumpling tree ash battery child eye wind webpage,19,Female,240.116,2.2,2,2.1,0.4,0.2,0.3,3.2,3.2,3.2,5.45945945945946,3.16216216216216,5.45945945945946,TRUE,FALSE,9,universe,elevater,dumpling,tree,ash,battery,child,eye,wind,webpage
R_31H5WeZvUkV9qC8,101,1.1,0.8449932252,0.9010002897,0.8886577539,0.9193073706,0.9989444265,0.895,81.7859676711,0.9105806132,tree stapler photo hairdryer scarf door wand boat potato eye,18,Female,148.733,2.8,3.2,3,1.4,0.8,1.1,1,1,7,5.725,3.675,5.725,TRUE,TRUE,10,tree,stapler,photo,hairdryer,scarf,door,wand,boat,potato,eye
R_cUwluKqTQjmucQ9,102,0.7,0.8201990154,0.9193068818,0.9001587483,0.8232605697,0.9735098043,0.819,73.9907606727,0.8872870039,happy fly computer finger mirror  bottle  cake mouse rainbow  paper,18,Female,37.878,2.2,2.6,2.4,0.6,0.8,0.7,1,1,4,4.64102564102564,2.38461538461538,4.64102564102564,TRUE,TRUE,10,happy,fly,computer,finger,mirror ,bottle ,cake,mouse,rainbow ,paper
R_2rZRoGu0jMGd6vs,103,0.6,0.877796125,0.9212464635,0.9241039905,0.9151837757,0.9929010519,0.887,87.2026591473,0.9262462813,horse cup earphone English Teacher table sweater family phenomena Japan Textbook,18,Female,72.251,3.2,3,3.1,0.8,0.4,0.6,4.8,4.8,4.8,4.68421052631579,2.31578947368421,4.68421052631579,FALSE,FALSE,9,horse,cup,earphone,English Teacher,table,sweater,family,phenomena,Japan,Textbook
R_p3lvXPNL5pfnR73,104,0.8,0.8172531966,0.9108873567,0.901730876,0.8413605489,1.0074043946,0.881,72.7604148643,0.8957272745,dog book sun car water magic wood air bread sadness,24,Female,44.399,3.2,4.6,3.9,0.4,1.2,0.8,6.2,6.2,6.2,5.64102564102564,3.87179487179487,5.64102564102564,FALSE,TRUE,10,dog,book,sun,car,water,magic,wood,air,bread,sadness
R_DUzHvZGJBLdIIyB,105,0,0.8425050698,0.900564498,0.9033112704,0.8124780932,0.9808076225,0.812,72.2417034564,0.8879333108,animals foods clothes  rooms job habits ability light happiness school,19,Female,119.63,0.2,0.8,0.5,0,0,0,2.6,2.6,3.8,4.37837837837838,2.83783783783784,4.37837837837838,TRUE,TRUE,10,animals,foods,clothes ,rooms,job,habits,ability,light,happiness,school
R_2bP4geiNihEw204,106,0.9,0.8473776164,0.9401900674,0.9220861306,0.862329315,1.0018098776,0.905,75.5809636343,0.9147586014,apple car sky computer body hate tip element carpet alarm,34,Male,117.045,2.4,2.2,2.3,1,0.8,0.9,5.8,5.8,5.8,5.17948717948718,3.38461538461538,5.17948717948718,TRUE,FALSE,10,apple,car,sky,computer,body,hate,tip,element,carpet,alarm
R_1iswkELphTtaEIz,107,0.5,0.8572777864,0.9113988299,0.9189282578,0.8544211698,1.0123378494,0.846,77.3856607931,0.9108727787,dog chair alcohol clothes  dvd phone  grass weights  milk  book,18,Female,61.327,2.4,3.2,2.8,0.2,0.8,0.5,1.2,1.2,4.6,5.1,3.7,5.1,TRUE,FALSE,9,dog,chair,alcohol,clothes ,dvd,phone ,grass,weights ,milk ,book
R_3nH6WZbVsJ0YSEe,108,2.1,0.8657506947,0.9364316879,0.9278983129,0.8978670197,0.9941310756,0.89,82.691420189,0.9244157582,chair country ant chandelier song element bread hair phone grass,19,Male,149.868,5,6.2,5.6,1.8,2.4,2.1,1.8,1.8,10,5.45,3.65,5.45,TRUE,TRUE,10,chair,country,ant,chandelier,song,element,bread,hair,phone,grass
R_1mmFRIPoRnk4psf,109,1.7,0.8779473306,0.9156811245,0.9173426772,0.918837941,1.0031122525,0.947,84.7631152897,0.9265842651,Love Computer Venus Mole Witch Seaweed Dentist Tablet Cloud Truffle,21,Male,88.212,3.6,4,3.8,2.2,1.2,1.7,5.2,5.2,5.2,5.4,3.4,5.4,TRUE,FALSE,9,Love,Computer,Venus,Mole,Witch,Seaweed,Dentist,Tablet,Cloud,Truffle
R_9YnPT2v3qCNZwTD,110,2.4,0.8059577613,0.9387601588,0.8952859393,0.8764174457,0.9882223082,0.883,71.3614725641,0.9009287227,cow ice  foot child  jacket donut rainbow blue fan phone,18,Female,66.953,5.2,6,5.6,2.8,2,2.4,1,1,9.4,5.6,3.71428571428571,5.6,TRUE,TRUE,9,cow,ice ,foot,child ,jacket,donut,rainbow,blue,fan,phone
R_7X9SaB3F6TTFuHT,111,0.7,0.8477794291,0.9319763454,0.9287810492,0.8803337145,1.0035888113,0.88,77.7213710405,0.9184918699,Psychology  Pen Ear Flower Chair Glasses Ice Beef Bag Key,20,Female,158.289,4,4.2,4.1,0.6,0.8,0.7,9.4,9.4,9.4,4.75757575757576,2.3030303030303,4.75757575757576,TRUE,NA,10,Psychology ,Pen,Ear,Flower,Chair,Glasses,Ice,Beef,Bag,Key
R_3Rr0NZ4fLmP6r0W,112,0.3,0.8203301461,0.8799156992,0.8773905132,0.8790696307,0.9686865518,0.723,69.6240190949,0.8850785082,fork spoon town village grass tree spork knife human train,20,Male,59.059,2.2,1.6,1.9,0.4,0.2,0.3,1.2,1.2,3,4.8,2.375,4.8,FALSE,NA,9,fork,spoon,town,village,grass,tree,spork,knife,human,train
R_PSAH3Es1Zk6Rm4p,113,1.5,0.870378925,0.8977108001,0.9148247289,0.9418898174,1.0076417112,0.863,85.2097428869,0.9264891965,Tree Phone Bed Pickle  Hat Ant  Seismograph  Helium  Treasure  Marimba ,18,Male,199.57,3.4,3,3.2,1.2,1.8,1.5,4,4,4,5.5,3.31578947368421,5.5,TRUE,TRUE,10,Tree,Phone,Bed,Pickle ,Hat,Ant ,Seismograph ,Helium ,Treasure ,Marimba 
R_3Gm1Edv78c2V4Zp,114,0.1,0.8362952797,0.90184071,0.8961143291,0.819842583,0.9729519193,0.888,74.7101878481,0.8854089642,book shoe animal  boy text web computer pen coffee cup,19,Female,37.153,3.8,4.4,4.1,0,0.2,0.1,1,1,5.6,4.875,2.55,4.875,TRUE,TRUE,10,book,shoe,animal ,boy,text,web,computer,pen,coffee,cup
R_1F8JgzUTVH2ohMv,115,0.2,0.864734713,0.8958479004,0.8985665355,0.9185910782,0.9859253917,0.896,80.5905550075,0.9127331238,Television Mouse Candle Backpack Sandwich Teapot Bouncy-ball Bathtub Astrology Lava,27,Male,76.805,2,2.8,2.4,0,0.4,0.2,2.2,2.2,5.4,5.3,3.525,5.3,FALSE,NA,9,Television,Mouse,Candle,Backpack,Sandwich,Teapot,Bouncy-ball,Bathtub,Astrology,Lava
R_2q44GGuOQXiKx5R,116,1.8,0.8442670718,0.9425829596,0.9194647433,0.8444245806,1.0001504821,0.902,86.8658287096,0.9101779675,computer family chips balcony hair fullstop apple history zoo well,18,Female,112.592,4.8,5.8,5.3,1.6,2,1.8,12.2,12.2,12.2,5.85,3.8,5.85,TRUE,TRUE,10,computer,family,chips,balcony,hair,fullstop,apple,history,zoo,well
R_3fotPk3kp1Y7tc1,117,1.6,0.8658149025,0.9279566315,0.9282346811,0.9142365574,1.0024480878,0.921,84.80858809,0.9277381721,shoe potato rhythm human leukemia nose flowe orc dog thread,19,Female,340.415,4,5.2,4.6,1.2,2,1.6,1,1,5.6,5.55,3.85,5.55,TRUE,TRUE,9,shoe,potato,rhythm,human,leukemia,nose,flowe,orc,dog,thread
R_24GYZ1e4ET6ElrF,118,0.2,0.8184405849,0.9074907029,0.9000586121,0.8560767073,0.9915344622,0.785,71.4030447815,0.8947202139,purple bag table sky shampoo shoes dog stairs spinach  Spain ,19,Female,79.26,2,3,2.5,0.2,0.2,0.2,3.4,3.4,3.4,5.725,3.675,5.725,TRUE,FALSE,9,purple,bag,table,sky,shampoo,shoes,dog,stairs,spinach ,Spain 
R_332bw2Sp952IgHg,119,0,0.8170669231,0.9053325247,0.9011024747,0.874774664,0.9775262659,0.801,73.8954759779,0.8951605705,Car Cow Blanket Chair Pen Fingers Heart Lightbulb Night Weather,20,Female,51.816,1,1.2,1.1,0,0,0,2.4,2.4,2.4,4.475,2.575,4.475,TRUE,TRUE,10,Car,Cow,Blanket,Chair,Pen,Fingers,Heart,Lightbulb,Night,Weather
R_UmqYpRtXkiIT1NT,120,0.7,0.9283340179,0.8920266558,0.9480461553,0.9696789647,0.9468525377,0.96,92.732804375,0.9369876663,virtue index stapler criminology overalls precipice  crunch purebreed  belief divinity,24,Female,240.015,3.6,4.4,4,0.4,1,0.7,6.8,6.8,6.8,5.78947368421053,4.02631578947368,5.78947368421053,TRUE,FALSE,9,virtue,index,stapler,criminology,overalls,precipice ,crunch,purebreed ,belief,divinity
R_1Cqi4Ouy8HpF1An,121,0.8,0.793528815,0.8715308154,0.9025972886,0.9054854664,0.9089655059,0.746,71.5810688966,0.8764215783,Apple Orange Chapstick Handphone Bottle Vase Television Chair Table Monkey,22,Female,57.702,2,2.6,2.3,0.6,1,0.8,1,1,6.8,5.2,2.975,5.2,FALSE,FALSE,8,Apple,Orange,Chapstick,Handphone,Bottle,Vase,Television,Chair,Table,Monkey
R_2s71yGZA2ZfM9eJ,122,0,0.8235910455,0.9224967299,0.9139639056,0.832293374,1.0018878045,0.888,73.9895541753,0.8988465719,house animals female apple water sun teacher river  ,18,Female,66.501,0.8,0.6,0.7,0,0,0,1,1,1,4.78260869565217,2.73913043478261,4.78260869565217,FALSE,TRUE,8,house,animals,female,apple,water,sun,teacher,river,,
R_2czqcWHBpLPnoPJ,123,0,0.8112219737,0.9147694138,0.9246170448,0.8612698979,0.9868186975,0.832,74.0977386279,0.8997394055,water sky duck pen clothes class house umbrella china dirt,18,Female,59.363,2.4,2.4,2.4,0,0,0,1,1,3,4.925,2.45,4.925,TRUE,TRUE,10,water,sky,duck,pen,clothes,class,house,umbrella,china,dirt
R_1nSHBZ48jjgyMj9,124,0.6,0.8592591683,0.9322263868,0.9183762219,0.8795090227,0.9816881194,0.833,80.9176368728,0.9142117838,coffee weed basketball drums games family journey fire water oxygen,19,Male,73.074,2.8,3.6,3.2,0.8,0.4,0.6,1,1,6.4,5.1025641025641,2.46153846153846,5.1025641025641,FALSE,FALSE,10,coffee,weed,basketball,drums,games,family,journey,fire,water,oxygen
R_3hbwsFOjnOSU792,125,1.2,0.9258199225,0.8784654073,0.9335616973,0.9749270221,1.0015135395,0.908,84.0793129278,0.9428575178,trap bird orange abacus hairclip snorkel stove photocopier podiatrist questionnaire,36,Female,201.467,3.2,4.2,3.7,1.6,0.8,1.2,7,7,7,NA,NA,NA,TRUE,TRUE,9,trap,bird,orange,abacus,hairclip,snorkel,stove,photocopier,podiatrist,questionnaire
R_1Ow7NTVjxP6RL0o,126,1.2,0.9131243117,0.8663376824,0.9318430856,0.983063542,0.9978848831,0.937,90.0627820176,0.938450701,Love Table Uranium Peptide Quartz Avtur Zebra Limbo Hearken Speed,19,Female,83.378,4.2,4.4,4.3,1.6,0.8,1.2,7,7,8.4,5.07692307692308,2.97435897435897,5.07692307692308,TRUE,FALSE,9,Love,Table,Uranium,Peptide,Quartz,Avtur,Zebra,Limbo,Hearken,Speed
R_3iBWQZcMzbZfQCV,127,0.3,0.8101913019,0.8727914246,0.875931456,0.8391346351,0.9777987225,0.818,78.3117789243,0.875169508,shoe table glasses pencilcase pencil charger mouse book phone internet,18,Female,37.354,1.8,3.4,2.6,0,0.6,0.3,4.4,4.4,4.4,5.43589743589744,3.56410256410256,5.43589743589744,FALSE,TRUE,9,shoe,table,glasses,pencilcase,pencil,charger,mouse,book,phone,internet
R_42uAZBtzTbQXWWB,128,0.6,0.8000286915,0.9020143435,0.8963076535,0.8178157849,0.9864537177,0.853,73.0095215497,0.8805240382,shoe food nail mirror book store cat lamp phone tree,19,Female,48.469,2.6,2.8,2.7,0.4,0.8,0.6,3.2,3.2,3.2,5.55263157894737,3.52631578947368,5.55263157894737,FALSE,TRUE,10,shoe,food,nail,mirror,book,store,cat,lamp,phone,tree
R_2Ez2oqcOkLorRz0,129,0.8,0.8586145208,0.9303556205,0.9093350574,0.8946364759,0.9943760181,0.907,84.1546878928,0.9174635386,shoe nail unicorn bread book telephone plant sand wallet person,18,Male,53.538,4.4,4.8,4.6,1.2,0.4,0.8,9,9,9,5.72972972972973,3.67567567567568,5.72972972972973,TRUE,TRUE,10,shoe,nail,unicorn,bread,book,telephone,plant,sand,wallet,person
R_3EKHRQ3ercpMEgk,130,0.3,0.8434548403,0.9184810582,0.8942735723,0.8667478844,0.996822924,0.922,80.3484793398,0.9039560558,dream mouse computer map bulb niddle cigarette stone car closet,22,Male,112.929,1,1.6,1.3,0,0.6,0.3,4.4,4.4,4.4,5.38461538461539,3.82051282051282,5.38461538461539,FALSE,FALSE,9,dream,mouse,computer,map,bulb,niddle,cigarette,stone,car,closet
R_2aqVuf1ZVG4Bsv8,131,0.5,0.8327579993,0.9225638691,0.9216001982,0.8758545996,0.9946912575,0.869,79.6275668201,0.9094935847,house  ocean  chair  phone  book lecture  ruler  cash  umbrella  shoe,20,Female,88.967,2.6,3.6,3.1,0,1,0.5,5,5,5,4.28947368421053,1.84210526315789,4.28947368421053,TRUE,FALSE,10,house ,ocean ,chair ,phone ,book,lecture ,ruler ,cash ,umbrella ,shoe
R_2ZX57lE1fOP0Bli,132,2,0.7227647431,0.8897783342,0.8708563998,0.7143315181,0.9382288728,0.743,61.2510680443,0.8271919736,young old loud quiet big small round  square up  down,19,Female,48.708,5.4,7,6.2,1.8,2.2,2,11,11,11,5.325,3.55,5.325,FALSE,FALSE,10,young,old,loud,quiet,big,small,round ,square,up ,down
R_RPujTb0wKdtJNKN,133,0,0.8055362581,0.9162839553,0.9043088838,0.8736456169,0.9911708922,0.788,79.8805841733,0.8981891212,happiness chair wallet pool chicken tower tv truck farm apartment,18,Female,81.528,0,0.2,0.1,0,0,0,5.6,5.6,5.6,5.65789473684211,3.5,5.65789473684211,TRUE,FALSE,9,happiness,chair,wallet,pool,chicken,tower,tv,truck,farm,apartment
R_Y5HZTZA9RrrX0Wt,134,0.1,0.8609706148,0.9388137232,0.9034529342,0.8556364633,0.99660576,0.881,79.1534817999,0.9110958991,universe shoe bird school building waterfall red square TV air,19,Male,94.216,2.2,2.6,2.4,0,0.2,0.1,4.4,4.4,5.4,5.68421052631579,4.13157894736842,5.68421052631579,TRUE,FALSE,9,universe,shoe,bird,school,building,waterfall,red,square,TV,air
R_1lrV0CwXDjELxBY,135,1,0.8444384195,0.8807747854,0.8657615708,0.936899321,0.9993499987,0.942,85.8878872579,0.9054448191,lip-balm calculator alligator crayon cactus friendship eyelash tunnel keyring eggnog,18,Female,240.107,4.4,5.6,5,1.4,0.6,1,8.6,8.6,8.6,5.375,3.775,5.375,TRUE,FALSE,9,lip-balm,calculator,alligator,crayon,cactus,friendship,eyelash,tunnel,keyring,eggnog
R_2bTcBjxKgZccSMZ,136,0.4,0.7171643593,0.8980678527,0.8825654715,0.7936344756,0.976773331,0.804,66.0353694643,0.853641098,Red Cold Love Me Basket Head Towel Teacher Bag Wet,18,Female,40.583,2.6,3.8,3.2,0.8,0,0.4,1,1,4.8,5.12820512820513,2.94871794871795,5.12820512820513,FALSE,FALSE,10,Red,Cold,Love,Me,Basket,Head,Towel,Teacher,Bag,Wet
R_PLjXw8eSTJ9fU5j,137,0.3,0.8401836529,0.9011212084,0.873277876,0.8627928311,0.9990816671,0.857,75.3348107849,0.8952914471,university candle dog book car door bicycle fork projector microphone,25,Female,40.757,2,2.2,2.1,0,0.6,0.3,1,1,2,4.8,2.975,4.8,TRUE,TRUE,10,university,candle,dog,book,car,door,bicycle,fork,projector,microphone
R_1IW7aMecSwKs8au,138,1.9,0.8748722925,0.8332138773,0.8861914815,0.9613403143,1.0028413918,0.971,87.6907492323,0.9116918715,facsimile elderflower stockings spatula hairbrush salmon paperclip exam brick coin,36,Female,140.197,4.6,5.6,5.1,1.8,2,1.9,8.2,8.2,8.2,NA,NA,NA,TRUE,FALSE,10,facsimile,elderflower,stockings,spatula,hairbrush,salmon,paperclip,exam,brick,coin
R_2uX2zMBJmCYpnhu,139,0.9,0.9410736341,0.8807010244,0.9330081121,0.9723871764,1.0045163669,0.973,89.5499125655,0.9463372628,record faeces eyeball fibreglass lavender gin myki breadcrumbs horoscope splinter,21,Female,236.6,3.2,4.6,3.9,0.2,1.6,0.9,1,1,4.8,5.64102564102564,3.56410256410256,5.64102564102564,FALSE,FALSE,9,record,faeces,eyeball,fibreglass,lavender,gin,myki,breadcrumbs,horoscope,splinter
R_1I6h1PGKj4DgYmO,140,0.7,0.8521461855,0.9273697312,0.9208578373,0.9108716449,1.0150508349,0.942,79.6045300152,0.9252592468,car charger head brick food diamond lily app village forest ,19,Female,53.898,1.8,2.4,2.1,0.2,1.2,0.7,5.4,5.4,5.4,5.08108108108108,3.32432432432432,5.08108108108108,TRUE,FALSE,10,car,charger,head,brick,food,diamond,lily,app,village,forest 
R_w1axJqVRPKnWzUB,141,1.1,0.837772316,0.8860393758,0.8735421728,0.8984409908,0.9730023543,0.899,77.5834614677,0.8937594419,hoodie  chocolate  bottle  computer  book  pillow  hanger  fridge  balcony  hospital ,22,Female,61.689,3.8,5,4.4,1.4,0.8,1.1,1.4,1.4,6.8,4.925,2.875,4.925,TRUE,FALSE,10,hoodie ,chocolate ,bottle ,computer ,book ,pillow ,hanger ,fridge ,balcony ,hospital 
